{
  "Langchain": [
    23.683618783950806, 22.2289981842041, 21.711259126663208,
    21.812007904052734, 21.708499908447266, 21.603668928146362,
    21.812196016311646, 22.018844842910767, 21.714102029800415,
    24.46869397163391, 22.73335576057434, 20.786282062530518, 22.11884117126465,
    21.40534210205078, 21.194542169570923, 22.83591389656067, 21.50339913368225,
    22.836421012878418, 22.491042852401733, 22.565056085586548,
    22.528475284576416, 20.479705095291138, 20.480886936187744,
    22.320049047470093, 23.554868936538696, 20.993675708770752,
    20.787333250045776, 20.859384775161743, 20.304336071014404,
    20.685980081558228
  ],
  "LlamaIndex": [
    18.859995126724243, 18.33189082145691, 19.249676942825317,
    18.43199586868286, 18.43333625793457, 18.636500120162964,
    16.723886966705322, 17.67885422706604, 18.743072986602783,
    19.24839186668396, 16.79769277572632, 16.485287189483643,
    17.822611331939697, 18.120955228805542, 17.000039100646973,
    16.689505100250244, 19.147047996520996, 17.51147198677063,
    17.100801944732666, 18.738903045654297, 20.9924738407135,
    18.070510149002075, 20.330419063568115, 20.377624988555908,
    17.714740991592407, 18.228057146072388, 18.022322177886963,
    17.305339813232422, 17.305333852767944, 17.71616792678833
  ],
  "Haystack": [
    22.084816932678223, 19.659587860107422, 19.249422073364258,
    22.93974781036377, 20.99206304550171, 21.197856187820435, 19.76276707649231,
    18.330127954483032, 26.52208685874939, 19.530150890350342,
    19.68906021118164, 21.19395422935486, 21.50799798965454, 31.951936960220337,
    23.853734970092773, 27.036197900772095, 20.173542976379395,
    20.582494974136353, 20.787582874298096, 22.217402696609497,
    21.50775909423828, 21.70974373817444, 19.865595817565918,
    19.250883102416992, 25.908213138580322, 19.456236839294434,
    20.172412157058716, 20.07016110420227, 20.688408851623535,
    21.295051097869873
  ],
  "Dspy": [
    5.680113792419434, 3.783867835998535, 3.8961269855499268,
    3.5424230098724365, 3.6188769340515137, 4.0294458866119385,
    3.8618791103363037, 3.888962745666504, 4.608547210693359,
    3.5843138694763184, 3.4811110496520996, 7.023867845535278,
    3.7276108264923096, 4.096480846405029, 4.0044238567352295,
    3.4986190795898438, 3.0647430419921875, 4.5542590618133545,
    3.6212069988250732, 3.702605962753296, 3.975145101547241, 3.925412178039551,
    3.8563129901885986, 3.790870189666748, 3.8891220092773438,
    4.029551982879639, 3.546233892440796, 3.995997905731201, 3.5820772647857666,
    4.002753019332886
  ],
  "CrewAI": [
    55.7768976688385, 36.55639696121216, 33.368647813797, 34.577550172805786,
    34.49058389663696, 36.37381601333618, 31.819290161132812, 34.1108660697937,
    34.49584484100342, 29.489895343780518, 33.18723273277283, 30.22937321662903,
    37.59172582626343, 34.106061935424805, 47.85646986961365, 37.39156889915466,
    35.060242891311646, 33.27674603462219, 29.09001111984253, 30.23987889289856,
    28.531677961349487, 28.908406972885132, 31.51067590713501,
    33.49036478996277, 31.90531587600708, 34.15904712677002, 31.39942693710327,
    32.1553521156311, 31.355772972106934, 29.996236085891724
  ],
  "Basic_RAG": [
    19.768882036209106, 17.511779069900513, 20.272533893585205,
    18.332722187042236, 19.4524929523468, 18.737977266311646,
    19.558977127075195, 18.432369709014893, 18.53411102294922,
    17.818395853042603, 17.841888189315796, 18.841306924819946,
    45.18077898025513, 21.582857847213745, 26.056110858917236,
    19.310045957565308, 19.457123041152954, 19.770781993865967,
    17.70729088783264, 18.42440891265869, 19.06036114692688, 19.34749412536621,
    17.408918857574463, 19.250447273254395, 18.742113828659058,
    20.377295970916748, 18.328371047973633, 19.332399129867554,
    18.964815855026245, 19.047919750213623
  ]
}
