{
  "Langchain": 0.07112929821014405,
  "LlamaIndex": 0.13447590668996176,
  "Haystack": 0.028585410118103026,
  "Dspy": 0.08069992065429688,
  "CrewAI": 0.0988089640935262,
  "Basic_RAG": 0.029547754923502603
}
