{
  "Langchain": 21.874226037661234,
  "LlamaIndex": 18.19383022785187,
  "Haystack": 21.63956658045451,
  "Dspy": 3.9954320828119916,
  "CrewAI": 34.0833792368571,
  "Basic_RAG": 20.081765723228454
}
