{
  "Langchain": [
    0.06779789924621582, 0.07044196128845215, 0.06831669807434082,
    0.06864094734191895, 0.07294106483459473, 0.08559989929199219,
    0.07037806510925293, 0.08896923065185547, 0.06592512130737305,
    0.06761908531188965, 0.0687098503112793, 0.09670305252075195,
    0.06494474411010742, 0.06432914733886719, 0.06960010528564453,
    0.08785605430603027, 0.06702685356140137, 0.0651090145111084,
    0.06788206100463867, 0.09133720397949219, 0.06152510643005371,
    0.06685805320739746, 0.06799197196960449, 0.06544685363769531,
    0.06563711166381836, 0.06813192367553711, 0.06988310813903809,
    0.0690009593963623, 0.06521081924438477, 0.06406497955322266
  ],
  "LlamaIndex": [
    1.0998480319976807, 0.10677385330200195, 0.09759902954101562,
    0.09938406944274902, 0.09720993041992188, 0.09986114501953125,
    0.08989381790161133, 0.10259580612182617, 0.10367894172668457,
    0.1021890640258789, 0.10451674461364746, 0.09322500228881836,
    0.10198807716369629, 0.10418486595153809, 0.10457086563110352,
    0.10207581520080566, 0.10744023323059082, 0.1029047966003418,
    0.09949731826782227, 0.10391402244567871, 0.10219526290893555,
    0.10252976417541504, 0.0981602668762207, 0.09928083419799805,
    0.10254526138305664, 0.10104703903198242, 0.10124325752258301,
    0.09880900382995605, 0.10320711135864258, 0.10190796852111816
  ],
  "Haystack": [
    0.02857518196105957, 0.028053760528564453, 0.027993202209472656,
    0.050019025802612305, 0.02659320831298828, 0.029211759567260742,
    0.029667139053344727, 0.02665114402770996, 0.02469182014465332,
    0.024495840072631836, 0.025359153747558594, 0.02783989906311035,
    0.0263822078704834, 0.02669501304626465, 0.032174110412597656,
    0.027034997940063477, 0.027347087860107422, 0.025033235549926758,
    0.024644136428833008, 0.02587604522705078, 0.026273012161254883,
    0.028834104537963867, 0.025841951370239258, 0.02852797508239746,
    0.026911020278930664, 0.029417037963867188, 0.048531293869018555,
    0.025931119918823242, 0.027484893798828125, 0.025471925735473633
  ],
  "Dspy": [
    0.11655998229980469, 0.07681989669799805, 0.0771341323852539,
    0.08028388023376465, 0.07829785346984863, 0.07253313064575195,
    0.07312631607055664, 0.08780884742736816, 0.0819549560546875,
    0.0748600959777832, 0.07974100112915039, 0.07170796394348145,
    0.07634210586547852, 0.0763249397277832, 0.07907295227050781,
    0.07924413681030273, 0.0783689022064209, 0.07666015625, 0.07864904403686523,
    0.0759890079498291, 0.07682275772094727, 0.08056116104125977,
    0.11164593696594238, 0.08041095733642578, 0.08877968788146973,
    0.07685184478759766, 0.07828378677368164, 0.0740969181060791,
    0.08385014533996582, 0.07821512222290039
  ],
  "CrewAI": [
    0.14927005767822266, 0.10513877868652344, 0.09426999092102051,
    0.09098982810974121, 0.11858415603637695, 0.08879685401916504,
    0.08958601951599121, 0.09150409698486328, 0.11839008331298828,
    0.08921599388122559, 0.0877070426940918, 0.08794403076171875,
    0.12549805641174316, 0.08957409858703613, 0.08689284324645996,
    0.08828210830688477, 0.12439990043640137, 0.08969330787658691,
    0.09040713310241699, 0.08794617652893066, 0.1167759895324707,
    0.0879659652709961, 0.09402585029602051, 0.11448168754577637,
    0.08719110488891602, 0.08846592903137207, 0.08969998359680176,
    0.11777186393737793, 0.08709383010864258, 0.08670616149902344
  ],
  "Basic_RAG": [
    0.02873396873474121, 0.02655315399169922, 0.027019739151000977,
    0.025922060012817383, 0.02737879753112793, 0.0312809944152832,
    0.035607099533081055, 0.04375004768371582, 0.04953503608703613,
    0.03572583198547363, 0.03804302215576172, 0.034661054611206055,
    0.029654979705810547, 0.030395984649658203, 0.02754998207092285,
    0.029546022415161133, 0.027514934539794922, 0.028540849685668945,
    0.029162168502807617, 0.025657176971435547, 0.02538585662841797,
    0.029170989990234375, 0.02508711814880371, 0.02514505386352539,
    0.023724079132080078, 0.025606155395507812, 0.02624368667602539,
    0.02447986602783203, 0.023184776306152344, 0.026172161102294922
  ]
}
