{
    "faithfulness": 0.9016184914622415,
    "answer_relevancy": 0.9367186717942685,
    "context_precision": 0.8136574073494791,
    "context_recall": 0.8483796296296297
}