{
    "faithfulness": 0.9094742063492064,
    "answer_relevancy": 0.9122726076515689,
    "context_precision": 0.8072916666074943,
    "context_recall": 0.8483796296296297
}