{
    "faithfulness": 0.9215851471059805,
    "answer_relevancy": 0.9235370024584749,
    "context_precision": 0.7832947530350794,
    "context_recall": 0.9027777777777778
}