{
    "faithfulness": 0.8846597260329655,
    "answer_relevancy": 0.8793675073333325,
    "context_precision": 0.84027777769375,
    "context_recall": 0.8159722222222222
}