{
    "faithfulness": 0.9388473023889693,
    "answer_relevancy": 0.9387556000573795,
    "context_precision": 0.8958333332437499,
    "context_recall": 0.869212962962963
}