{
    "faithfulness": 0.9323522927689594,
    "answer_relevancy": 0.9177939655795578,
    "context_precision": 0.8061342592024595,
    "context_recall": 0.8483796296296297
}