{
    "faithfulness": 0.8919582732082733,
    "answer_relevancy": 0.9360837929017569,
    "context_precision": 0.8136574073493635,
    "context_recall": 0.8483796296296297
}