{
    "faithfulness": 0.9000330687830689,
    "answer_relevancy": 0.9062334405866825,
    "context_precision": 0.8049768517938367,
    "context_recall": 0.8449074074074074
}