{
    "faithfulness": 0.9291418650793651,
    "answer_relevancy": 0.9237941027086032,
    "context_precision": 0.8142361110519387,
    "context_recall": 0.837962962962963
}